Rang;ID Motiva;Naziv Motiva;Kategorija;Ukupno Bodova;Superlike (★);Like (❤️);Pass (✕);Ukupno Glasova;Odobrenje (%);Bayesian Mean;Putanja Slike
1;sv-291;"SV Single 04 — Rearing Knight Front Hit";Front Hits;8;2;2;4;8;50%;0.585;"assets/optimized/SV_Single_04_Riso_Rearing_Knight_Front.webp"
2;sv-234;"Teratomorpha Sigil White";Artwear;7;1;4;3;8;63%;0.611;"assets/optimized/SV Artwear - Teratomorpha Sigil White.webp"
3;sv-100;"Creative Block Rock Masked";Creative;7;2;1;3;6;50%;0.606;"assets/optimized/CV Tee - Creative Block Rock Masked.webp"
4;sv-294;"SV Single 07 — Gothic Metal Front Hit";Front Hits;7;2;1;4;7;43%;0.558;"assets/optimized/SV_Single_07_Gothic_Metal_Front.webp"
5;sv-143;"Not Overthinking Storyboard Collage";Creative;6;1;3;3;7;57%;0.582;"assets/optimized/CV Tee - Not Overthinking Storyboard Collage.webp"
6;sv-268;"Grgur Ninski Pointing Finger Icon";Front Hits;6;1;3;3;7;57%;0.582;"assets/optimized/Front Hit - Grgur Ninski Pointing Finger Icon.webp"
7;sv-318;"The Lovers — Martyr Front Hit";Front Hits;6;1;3;4;8;50%;0.534;"assets/optimized/SV_Lovers_03_Kneeling_Martyr_Front.webp"
8;sv-217;"Knight Sigil White";Artwear;5;0;5;3;8;63%;0.556;"assets/optimized/SV Print - Knight Sigil White.webp"
9;sv-045;"SV Utility 04 — Neo-Gothic Brutalist Grid";Utility;5;1;2;4;7;43%;0.5;"assets/optimized/SV_Utility_04_Brutalist_Grid_Back.webp"
10;sv-098;"Creative Block Franjevacki Toranj";Creative;5;1;2;4;7;43%;0.5;"assets/optimized/CV Tee - Creative Block Franjevacki Toranj.webp"
11;sv-102;"Creative Collective Croatia Botanical";Creative;5;1;2;4;7;43%;0.5;"assets/optimized/CV Tee - Creative Collective Croatia Botanical.webp"
12;sv-108;"Everything Says Something Liquid";Creative;5;1;2;4;7;43%;0.5;"assets/optimized/CV Tee - Everything Says Something Liquid.webp"
13;sv-147;"Philosopher Knight Paf";Creative;5;1;2;4;7;43%;0.5;"assets/optimized/CV Tee - Philosopher Knight PAF.webp"
14;sv-153;"SV 4Ref 02 — Praying Guardian Riso";Creative;5;1;2;4;7;43%;0.5;"assets/optimized/SV_4Ref_02_Praying_Guardian_Riso_Back.webp"
15;sv-155;"SV 4Ref 04 — Rearing CyberGothic";Creative;5;1;2;4;7;43%;0.5;"assets/optimized/SV_4Ref_04_Rearing_CyberGothic_Back.webp"
16;sv-254;"Collab 04 — Fire 1776 Front Hit";Front Hits;5;1;2;4;7;43%;0.5;"assets/optimized/Collab_04_Studio_Varazdin_Fire_1776_Disaster_Front.webp"
17;sv-274;"Kittl Warped Circular Badge";Front Hits;5;1;2;4;7;43%;0.5;"assets/optimized/Front Hit - Kittl Warped Circular Badge.webp"
18;sv-104;"Cuvar Prica Collision";Creative;5;1;2;5;8;38%;0.459;"assets/optimized/CV Tee - Cuvar Prica Collision.webp"
19;sv-325;"cCc. — Monogram Creative Collective";Front Hits;5;1;2;5;8;38%;0.459;"assets/optimized/Front Minimal - cCc. Monogram Creative Collective.webp"
20;sv-288;"SV Single 01 — Woodcut Knight Front Hit";Front Hits;4;0;4;3;7;57%;0.517;"assets/optimized/SV_Single_01_Woodcut_Knight_Front.webp"
21;sv-110;"Everything Semiotic Matrix";Creative;4;1;1;4;6;33%;0.46;"assets/optimized/CV Tee - Everything Semiotic Matrix.webp"
22;sv-160;"SV Single 04 — Heavy Riso Rearing Knight";Creative;4;1;1;4;6;33%;0.46;"assets/optimized/SV_Single_04_Riso_Rearing_Knight_Back.webp"
23;sv-163;"SV Single 07 — Gothic Metal Litho";Creative;4;1;1;4;6;33%;0.46;"assets/optimized/SV_Single_07_Gothic_Metal_Back.webp"
24;sv-190;"What Keeps You Up Hud";Creative;4;1;1;4;6;33%;0.46;"assets/optimized/CV Tee - What Keeps You Up HUD.webp"
25;sv-227;"Silent Knight Studio Black";Artwear;4;1;1;4;6;33%;0.46;"assets/optimized/SV Print - Silent Knight Studio Black.webp"
26;sv-228;"Silent Knight Studio Sunburst";Artwear;4;1;1;4;6;33%;0.46;"assets/optimized/SV Print - Silent Knight Studio Sunburst.webp"
27;sv-289;"SV Single 02 — Praying Knight Front Hit";Front Hits;4;1;1;4;6;33%;0.46;"assets/optimized/SV_Single_02_Praying_Knight_Front.webp"
28;sv-298;"SV Utility 02 — Lens Specs Front Hit";Front Hits;4;1;1;4;6;33%;0.46;"assets/optimized/SV_Utility_02_Lens_Specs_Front.webp"
29;sv-219;"Knights Vow Cream";Artwear;4;1;1;5;7;29%;0.42;"assets/optimized/SV Print - Knights Vow Cream.webp"
30;sv-226;"Silent Knight Black";Artwear;4;1;1;5;7;29%;0.42;"assets/optimized/SV Print - Silent Knight Black.webp"
31;sv-283;"SV 4Ref 02 — Praying Guardian Front Hit";Front Hits;4;1;1;5;7;29%;0.42;"assets/optimized/SV_4Ref_02_Praying_Guardian_Riso_Front.webp"
32;sv-284;"SV 4Ref 03 — Dual Knights Front Hit";Front Hits;4;1;1;5;7;29%;0.42;"assets/optimized/SV_4Ref_03_Dual_Knights_Vigil_Front.webp"
33;sv-029;"Tower Lisakova Kula Graffiti";Towers;4;1;1;7;9;22%;0.358;"assets/optimized/T-Shirt - Tower Lisakova Kula Graffiti.webp"
34;sv-152;"SV 4Ref 01 — Side Quest Woodcut";Creative;3;0;3;3;6;50%;0.472;"assets/optimized/SV_4Ref_01_SideQuest_Woodcut_Back.webp"
35;sv-224;"Pozar Varazdina 1776 Iz Pepela";Artwear;3;0;3;3;6;50%;0.472;"assets/optimized/SV Tee - Pozar Varazdina 1776 Iz Pepela.webp"
36;sv-300;"SV Utility 04 — Brutalist Grid Front Hit";Front Hits;3;0;3;3;6;50%;0.472;"assets/optimized/SV_Utility_04_Brutalist_Grid_Front.webp"
37;sv-053;"Stari Grad True Photo Collage";Utility;3;0;3;4;7;43%;0.424;"assets/optimized/CV Tee - Stari Grad True Photo Collage.webp"
38;sv-158;"SV Single 02 — Steel Armor Praying Knight";Creative;3;0;3;4;7;43%;0.424;"assets/optimized/SV_Single_02_Praying_Knight_Back.webp"
39;sv-181;"Utility Spec Print";Creative;3;0;3;4;7;43%;0.424;"assets/optimized/CV Tee - Utility Spec Print.webp"
40;sv-183;"Utility Spec Print White On Black Brutalist";Creative;3;0;3;4;7;43%;0.424;"assets/optimized/CV Tee - Utility Spec Print - White on Black Brutalist.webp"
41;sv-320;"Varaždin — Pure Red Script";Front Hits;3;0;3;4;7;43%;0.424;"assets/optimized/Front Minimal - Varazdin Pure Red Script.webp"
42;sv-326;"studio varaždin — Lowercase Minimal Black";Front Hits;3;0;3;4;7;43%;0.424;"assets/optimized/Front Minimal - Studio Varazdin Lowercase Black.webp"
43;sv-332;"Design 2 Stari Grad GPT Image 2";Experimental;3;0;3;4;7;43%;0.424;"assets/optimized/design_2_stari_grad__gpt-image-2.webp"
44;sv-287;"SV Maker Signature Script";Front Hits;3;0;3;5;8;38%;0.385;"assets/optimized/Front Hit - SV MAKER Signature Script.webp"
45;sv-334;"Design 2 Stari Grad GPT Image 2.5 Sunburst";Experimental;3;0;3;5;8;38%;0.385;"assets/optimized/design_2_stari_grad__gpt-image-2.5-sunburst.webp"
46;sv-062;"Attention Cyber Baroque Crest";Creative;3;1;0;5;6;17%;0.375;"assets/optimized/CV Tee - Attention Cyber Baroque Crest.webp"
47;sv-082;"Collab 04 — Great Fire of 1776 Disaster";Creative;3;1;0;5;6;17%;0.375;"assets/optimized/Collab_04_Studio_Varazdin_Fire_1776_Disaster_Back.webp"
48;sv-099;"Creative Block Monolith Black";Creative;3;1;0;5;6;17%;0.375;"assets/optimized/CV Tee - Creative Block Monolith Black.webp"
49;sv-101;"Creative Block Tactical Stencil";Creative;3;1;0;5;6;17%;0.375;"assets/optimized/CV Tee - Creative Block Tactical Stencil.webp"
50;sv-107;"Everything Says Something";Creative;3;1;0;5;6;17%;0.375;"assets/optimized/CV Tee - Everything Says Something.webp"
51;sv-123;"Heritage Combo 01 — St. Florian 1776 Disaster";Creative;3;1;0;5;6;17%;0.375;"assets/optimized/Heritage_Combo_01_Florijan_Brutalist_Back.webp"
52;sv-148;"Philosopher Tree Box";Creative;3;1;0;5;6;17%;0.375;"assets/optimized/CV Tee - Philosopher Tree Box.webp"
53;sv-159;"SV Single 03 — Neo-Gothic Brutalist Sigil";Creative;3;1;0;5;6;17%;0.375;"assets/optimized/SV_Single_03_Sigil_Brutalist_Back.webp"
54;sv-173;"They Who Dance";Creative;3;1;0;5;6;17%;0.375;"assets/optimized/CV Tee - They Who Dance.webp"
55;sv-178;"They Who Dance Rider Waves";Creative;3;1;0;5;6;17%;0.375;"assets/optimized/CV Tee - They Who Dance Rider Waves.webp"
56;sv-184;"Vertical Spine Type";Creative;3;1;0;5;6;17%;0.375;"assets/optimized/CV Tee - Vertical Spine Type.webp"
57;sv-187;"Visually Articulate Maker";Creative;3;1;0;5;6;17%;0.375;"assets/optimized/CV Tee - Visually Articulate MAKER.webp"
58;sv-201;"the Magic Botanical Lithograph";Creative;3;1;0;5;6;17%;0.375;"assets/optimized/CV Tee - The Magic Botanical Lithograph.webp"
59;sv-206;"Beram Galija 1474";Artwear;3;1;0;5;6;17%;0.375;"assets/optimized/SV Tee - Beram Galija 1474.webp"
60;sv-276;"Knight Helmet — Pure Minimal Icon";Front Hits;3;1;0;5;6;17%;0.375;"assets/optimized/Front Minimal - Knight Helmet Pure Minimal Icon.webp"
61;sv-337;"Design 3 Church Towers GPT Image 2.5 Sunburst";Experimental;3;1;0;5;6;17%;0.375;"assets/optimized/design_3_church_towers__gpt-image-2.5-sunburst.webp"
62;sv-024;"Toranj Franjevacki Graffiti";Towers;3;1;0;6;7;14%;0.343;"assets/optimized/T-Shirt - Toranj Franjevacki Graffiti.webp"
63;sv-027;"Toranj SV Nikola Graffiti";Towers;3;1;0;6;7;14%;0.343;"assets/optimized/T-Shirt - Toranj Sv Nikola Graffiti.webp"
64;sv-050;"SV Utility 09 — Audio Frequency & Sound Stage";Utility;3;1;0;6;7;14%;0.343;"assets/optimized/SV_Utility_09_Audio_Waveform_Back.webp"
65;sv-263;"Creative Block 1181 Front";Front Hits;3;1;0;6;7;14%;0.343;"assets/optimized/Front Hit - Creative Block 1181 - Front.webp"
66;sv-060;"Attention Cash Value Swiss Techwear";Creative;2;0;2;4;6;33%;0.37;"assets/optimized/CV Tee - Attention Cash Value Swiss Techwear.webp"
67;sv-086;"Collab 06 — Constrained Monolith";Creative;2;0;2;4;6;33%;0.37;"assets/optimized/Collab_06_cCc_Constrained_Monolith_Back.webp"
68;sv-095;"Creative Block 1181";Creative;2;0;2;4;6;33%;0.37;"assets/optimized/CV Tee - Creative Block 1181.webp"
69;sv-113;"Filmed in Varazdin Collage True Photos";Creative;2;0;2;4;6;33%;0.37;"assets/optimized/CV Tee - Filmed In Varazdin Collage - True Photos.webp"
70;sv-151;"Reality Better Than Reality Sculpture";Creative;2;0;2;4;6;33%;0.37;"assets/optimized/CV Tee - Reality Better Than Reality Sculpture.webp"
71;sv-165;"SV Single 09 — 70s Underground Comix Ink";Creative;2;0;2;4;6;33%;0.37;"assets/optimized/SV_Single_09_Comix_Ink_Back.webp"
72;sv-172;"The Lovers Betrayal — Kneeling Martyr";Creative;2;0;2;4;6;33%;0.37;"assets/optimized/SV_Lovers_03_Kneeling_Martyr_Back.webp"
73;sv-177;"They Who Dance Psychedelic Wave";Creative;2;0;2;4;6;33%;0.37;"assets/optimized/CV Tee - They Who Dance Psychedelic Wave.webp"
74;sv-188;"Visually Articulate Skyline";Creative;2;0;2;4;6;33%;0.37;"assets/optimized/CV Tee - Visually Articulate Skyline.webp"
75;sv-214;"Inspired By Craft Black";Artwear;2;0;2;4;6;33%;0.37;"assets/optimized/SV Artwear - Inspired By Craft Black.webp"
76;sv-215;"Inspired By Studio Black";Artwear;2;0;2;4;6;33%;0.37;"assets/optimized/SV Print - Inspired By Studio Black.webp"
77;sv-248;"Cash Value Guilloche Front";Front Hits;2;0;2;4;6;33%;0.37;"assets/optimized/Front Hit - Cash Value Guilloche - Front.webp"
78;sv-250;"Collab 01 — The Alchemist Front Hit";Front Hits;2;0;2;4;6;33%;0.37;"assets/optimized/Collab_01_Studio_Varazdin_Alchemist_Laborer_Front.webp"
79;sv-273;"Horizontal Barcode Chest Tape";Front Hits;2;0;2;4;6;33%;0.37;"assets/optimized/Front Hit - Horizontal Barcode Chest Tape.webp"
80;sv-299;"SV Utility 03 — Spine Stencil Front Hit";Front Hits;2;0;2;4;6;33%;0.37;"assets/optimized/SV_Utility_03_Spine_Stencil_Front.webp"
81;sv-312;"Studio Varazdin Part of CCC";Front Hits;2;0;2;4;6;33%;0.37;"assets/optimized/Front Minimal - Studio Varazdin Part of cCc.webp"
82;sv-314;"Studio Varaždin — Center Chest Large";Front Hits;2;0;2;4;6;33%;0.37;"assets/optimized/Front Minimal - Studio Varazdin Center Chest Large.webp"
83;sv-317;"Studio Varaždin — Stacked Two-Tone";Front Hits;2;0;2;4;6;33%;0.37;"assets/optimized/Front Minimal - Studio Varazdin Stacked Two-Tone.webp"
84;sv-323;"cCc — Center Chest Minimal Black";Front Hits;2;0;2;4;6;33%;0.37;"assets/optimized/Front Minimal - Creative Collective Center Chest Black.webp"
85;sv-015;"Visually Articulate";Studio;2;0;2;5;7;29%;0.333;"assets/optimized/SV Tee - Visually Articulate.webp"
86;sv-055;"Studio Varazdin Ticket Crumpled 1024 1536";Utility;2;0;2;5;7;29%;0.333;"assets/optimized/CV Tee - Studio Varazdin Ticket Crumpled 1024-1536.webp"
87;sv-117;"Good Work Great Work Dedication";Creative;2;0;2;5;7;29%;0.333;"assets/optimized/CV Tee - Good Work Great Work DEDICATION.webp"
88;sv-135;"Middle Ground Blueprint Back";Creative;2;0;2;5;7;29%;0.333;"assets/optimized/CV Tee - Middle Ground Blueprint - Back.webp"
89;sv-157;"SV Single 01 — Woodcut Galloping Knight";Creative;2;0;2;5;7;29%;0.333;"assets/optimized/SV_Single_01_Woodcut_Knight_Back.webp"
90;sv-180;"Utility Spec DTF Bold White On Black";Creative;2;0;2;5;7;29%;0.333;"assets/optimized/CV Tee - Utility Spec DTF Bold - White on Black.webp"
91;sv-207;"Fisheye Ambition Black";Artwear;2;0;2;5;7;29%;0.333;"assets/optimized/SV Print - Fisheye Ambition Black.webp"
92;sv-220;"Maker Archives White";Artwear;2;0;2;5;7;29%;0.333;"assets/optimized/SV Print - Maker Archives White.webp"
93;sv-264;"Cyber 3d Angled SV Monogram";Front Hits;2;0;2;5;7;29%;0.333;"assets/optimized/Front Hit - Cyber 3D Angled SV Monogram.webp"
94;sv-270;"Heritage Combo 02 — Angelic Soundwave Front Hit";Front Hits;2;0;2;5;7;29%;0.333;"assets/optimized/Heritage_Combo_02_Angels_Comix_Front.webp"
95;sv-282;"SV 4Ref 01 — Side Quest Front Hit";Front Hits;2;0;2;5;7;29%;0.333;"assets/optimized/SV_4Ref_01_SideQuest_Woodcut_Front.webp"
96;sv-286;"SV 4Ref 05 — Grand Synthesis Front Hit";Front Hits;2;0;2;5;7;29%;0.333;"assets/optimized/SV_4Ref_05_Grand_Synthesis_Master_Front.webp"
97;sv-290;"SV Single 03 — Brutalist Sigil Front Hit";Front Hits;2;0;2;5;7;29%;0.333;"assets/optimized/SV_Single_03_Sigil_Brutalist_Front.webp"
98;sv-315;"Studio Varaždin — Minimal Bounding Box";Front Hits;2;0;2;5;7;29%;0.333;"assets/optimized/Front Minimal - Studio Varazdin Minimal Box.webp"
99;sv-316;"Studio Varaždin — Red Dot Accent";Front Hits;2;0;2;5;7;29%;0.333;"assets/optimized/Front Minimal - Studio Varazdin Red Dot Accent.webp"
100;sv-324;"cCc — Minimal Bounding Box";Front Hits;2;0;2;5;7;29%;0.333;"assets/optimized/Front Minimal - Creative Collective Minimal Box.webp"
101;sv-006;"Vijecnica Grad Baroka";City;2;0;2;6;8;25%;0.303;"assets/optimized/T-Shirt - Vijecnica Grad Baroka.webp"
102;sv-043;"SV Utility 02 — Anamorphic Lens Spec Sheet";Utility;2;0;2;6;8;25%;0.303;"assets/optimized/SV_Utility_02_Lens_Specs_Back.webp"
103;sv-118;"Good Work Great Work Folk Silhouette";Creative;2;0;2;6;8;25%;0.303;"assets/optimized/CV Tee - Good Work Great Work Folk Silhouette.webp"
104;sv-048;"SV Utility 07 — Film Lab Certified Seal";Utility;1;0;1;5;6;17%;0.273;"assets/optimized/SV_Utility_07_Lab_Seal_Back.webp"
105;sv-049;"SV Utility 08 — Swiss Production Manifest";Utility;1;0;1;5;6;17%;0.273;"assets/optimized/SV_Utility_08_Swiss_Manifest_Back.webp"
106;sv-052;"Snimano u Varazdin Run Over";Utility;1;0;1;5;6;17%;0.273;"assets/optimized/CV Tee - Snimano U Varazdin Run Over.webp"
107;sv-054;"Studio Varazdin Ticket Crumpled";Utility;1;0;1;5;6;17%;0.273;"assets/optimized/CV Tee - Studio Varazdin Ticket Crumpled 1024-1024.webp"
108;sv-056;"Studio Varazdin Ticket Crumpled 1536 1024";Utility;1;0;1;5;6;17%;0.273;"assets/optimized/CV Tee - Studio Varazdin Ticket Crumpled 1536-1024.webp"
109;sv-058;"VZ Plate Run Over";Utility;1;0;1;5;6;17%;0.273;"assets/optimized/CV Tee - VZ Plate Run Over.webp"
110;sv-065;"CCC Croatia Collective Collision";Creative;1;0;1;5;6;17%;0.273;"assets/optimized/CV Tee - cCc Croatia Collective Collision.webp"
111;sv-068;"CCC They Who Dance Kinetic Back";Creative;1;0;1;5;6;17%;0.273;"assets/optimized/CV Tee - cCc - They Who Dance Kinetic - Back.webp"
112;sv-072;"Can You Change the Music Peak Comix";Creative;1;0;1;5;6;17%;0.273;"assets/optimized/CV Tee - Can You Change The Music Peak Comix.webp"
113;sv-079;"Collab 02 — Middle Ground Horizon";Creative;1;0;1;5;6;17%;0.273;"assets/optimized/Collab_02_cCc_Middle_Ground_Horizon_Back.webp"
114;sv-088;"Collab 07 — Mountain Editor ""Change Music""";Creative;1;0;1;5;6;17%;0.273;"assets/optimized/Collab_07_Studio_Varazdin_Mountain_Editor_Back.webp"
115;sv-092;"Constrained Environment Vs Limitless";Creative;1;0;1;5;6;17%;0.273;"assets/optimized/CV Tee - Constrained Environment vs Limitless.webp"
116;sv-096;"Creative Block 1181 Back";Creative;1;0;1;5;6;17%;0.273;"assets/optimized/CV Tee - Creative Block 1181 - Back.webp"
117;sv-097;"Creative Block All Towers 1181";Creative;1;0;1;5;6;17%;0.273;"assets/optimized/CV Tee - Creative Block All Towers 1181.webp"
118;sv-109;"Everything Says Something Matrix Back";Creative;1;0;1;5;6;17%;0.273;"assets/optimized/CV Tee - Everything Says Something Matrix - Back.webp"
119;sv-111;"Fall Asleep Grgur Acid Duotone";Creative;1;0;1;5;6;17%;0.273;"assets/optimized/CV Tee - Fall Asleep Grgur Acid Duotone.webp"
120;sv-124;"Heritage Combo 02 — Angelic Soundwave Comix";Creative;1;0;1;5;6;17%;0.273;"assets/optimized/Heritage_Combo_02_Angels_Comix_Back.webp"
121;sv-125;"Heritage Combo 03 — Probitati 1842 Gothic Litho";Creative;1;0;1;5;6;17%;0.273;"assets/optimized/Heritage_Combo_03_Erdody_GothicLitho_Back.webp"
122;sv-127;"Ideas Cant Die Shirt Design";Creative;1;0;1;5;6;17%;0.273;"assets/optimized/ideas cant die shirt design.webp"
123;sv-130;"Knight Shot in Back Dedication Black";Creative;1;0;1;5;6;17%;0.273;"assets/optimized/CV Tee - Knight Shot in Back DEDICATION Black.webp"
124;sv-139;"Night Shoot Viewfinder 0300";Creative;1;0;1;5;6;17%;0.273;"assets/optimized/CV Tee - Night Shoot Viewfinder 0300.webp"
125;sv-142;"Not Overthinking Raw Marker";Creative;1;0;1;5;6;17%;0.273;"assets/optimized/CV Tee - Not Overthinking Raw Marker.webp"
126;sv-154;"SV 4Ref 03 — Dual Knights Vigil";Creative;1;0;1;5;6;17%;0.273;"assets/optimized/SV_4Ref_03_Dual_Knights_Vigil_Back.webp"
127;sv-156;"SV 4Ref 05 — Grand Synthesis Master";Creative;1;0;1;5;6;17%;0.273;"assets/optimized/SV_4Ref_05_Grand_Synthesis_Master_Back.webp"
128;sv-162;"SV Single 06 — Renaissance Botanical Arch";Creative;1;0;1;5;6;17%;0.273;"assets/optimized/SV_Single_06_Botanical_Arch_Back.webp"
129;sv-166;"Stay Rolling Chest Print";Creative;1;0;1;5;6;17%;0.273;"assets/optimized/CV Tee - Stay Rolling Chest Print.webp"
130;sv-202;"the Magic Dragon Red Seals";Creative;1;0;1;5;6;17%;0.273;"assets/optimized/CV Tee - The Magic Dragon Red Seals.webp"
131;sv-210;"Garda Purgar Sunburst";Artwear;1;0;1;5;6;17%;0.273;"assets/optimized/SV Print - Garda Purgar Sunburst.webp"
132;sv-229;"Stari Grad Barokna Kula Master";Artwear;1;0;1;5;6;17%;0.273;"assets/optimized/SV Tee - Stari Grad Barokna Kula Master.webp"
133;sv-243;"Zmaj Hrvojeva Misala";Artwear;1;0;1;5;6;17%;0.273;"assets/optimized/SV Tee - Zmaj Hrvojeva Misala.webp"
134;sv-246;"CCC They Who Dance Front";Front Hits;1;0;1;5;6;17%;0.273;"assets/optimized/Front Hit - cCc - They Who Dance - Front.webp"
135;sv-251;"Collab 02 — Middle Ground Front Hit";Front Hits;1;0;1;5;6;17%;0.273;"assets/optimized/Collab_02_cCc_Middle_Ground_Horizon_Front.webp"
136;sv-258;"Collab 06 — Constrained Monolith Front Hit";Front Hits;1;0;1;5;6;17%;0.273;"assets/optimized/Collab_06_cCc_Constrained_Monolith_Front.webp"
137;sv-259;"Collab 06 — Vischer Panorama Front Hit";Front Hits;1;0;1;5;6;17%;0.273;"assets/optimized/Collab_06_Studio_Varazdin_Vischer_Panorama_Front.webp"
138;sv-269;"Heritage Combo 01 — St. Florian Spec Front Hit";Front Hits;1;0;1;5;6;17%;0.273;"assets/optimized/Heritage_Combo_01_Florijan_Brutalist_Front.webp"
139;sv-275;"Knight Helmet Minimal Icon";Front Hits;1;0;1;5;6;17%;0.273;"assets/optimized/Front Hit - Knight Helmet Minimal Icon.webp"
140;sv-277;"Middle Ground Blueprint Front";Front Hits;1;0;1;5;6;17%;0.273;"assets/optimized/Front Hit - Middle Ground Blueprint - Front.webp"
141;sv-279;"Optical Lens Calibration Target";Front Hits;1;0;1;5;6;17%;0.273;"assets/optimized/Front Hit - Optical Lens Calibration Target.webp"
142;sv-280;"Paf Botanical Oak Branch";Front Hits;1;0;1;5;6;17%;0.273;"assets/optimized/Front Hit - PAF Botanical Oak Branch.webp"
143;sv-285;"SV 4Ref 04 — CyberGothic Front Hit";Front Hits;1;0;1;5;6;17%;0.273;"assets/optimized/SV_4Ref_04_Rearing_CyberGothic_Front.webp"
144;sv-292;"SV Single 05 — Spray Stencil Front Hit";Front Hits;1;0;1;5;6;17%;0.273;"assets/optimized/SV_Single_05_Spray_Stencil_Front.webp"
145;sv-306;"SV Utility 10 — Magazine Label Front Hit";Front Hits;1;0;1;5;6;17%;0.273;"assets/optimized/SV_Utility_10_Magazine_Label_Front.webp"
146;sv-310;"Studio Varazdin Good Work Great Work Front";Front Hits;1;0;1;5;6;17%;0.273;"assets/optimized/Front Hit - Studio Varazdin - Good Work Great Work - Front.webp"
147;sv-321;"Vermilion Red Seal Stamp";Front Hits;1;0;1;5;6;17%;0.273;"assets/optimized/Front Hit - Vermilion Red Seal Stamp.webp"
148;sv-327;"studio varaždin — Lowercase Minimal Bone";Front Hits;1;0;1;5;6;17%;0.273;"assets/optimized/Front Minimal - Studio Varazdin Lowercase Bone.webp"
149;sv-328;"the Magic Alchemist Tarot Front";Front Hits;1;0;1;5;6;17%;0.273;"assets/optimized/Front Hit - The Magic Alchemist Tarot - Front.webp"
150;sv-335;"Design 3 Church Towers GPT Image 2";Experimental;1;0;1;5;6;17%;0.273;"assets/optimized/design_3_church_towers__gpt-image-2.webp"
151;sv-002;"Knight Cuvar Prica";City;1;0;1;6;7;14%;0.246;"assets/optimized/T-Shirt - Knight Cuvar Prica.webp"
152;sv-003;"Panorama Anno 1776";City;1;0;1;6;7;14%;0.246;"assets/optimized/T-Shirt - Panorama Anno 1776.webp"
153;sv-007;"Akcija Clapperboard";Studio;1;0;1;6;7;14%;0.246;"assets/optimized/SV Tee - Akcija Clapperboard.webp"
154;sv-008;"Camera Coat of Arms";Studio;1;0;1;6;7;14%;0.246;"assets/optimized/SV Tee - Camera Coat of Arms.webp"
155;sv-017;"Garda Type Breakout";Garda;1;0;1;6;7;14%;0.246;"assets/optimized/Garda Tee - Garda Type Breakout.webp"
156;sv-019;"Purgar Poster";Garda;1;0;1;6;7;14%;0.246;"assets/optimized/Garda Tee - Purgar Poster.webp"
157;sv-025;"Toranj Franjevacki Zvonik";Towers;1;0;1;6;7;14%;0.246;"assets/optimized/T-Shirt - Toranj Franjevacki Zvonik.webp"
158;sv-026;"Toranj Katedralni Pavlinski Graffiti";Towers;1;0;1;6;7;14%;0.246;"assets/optimized/T-Shirt - Toranj Katedralni Pavlinski Graffiti.webp"
159;sv-028;"Toranj Ursulinski Graffiti";Towers;1;0;1;6;7;14%;0.246;"assets/optimized/T-Shirt - Toranj Ursulinski Graffiti.webp"
160;sv-032;"Tower Strazarnica S Mostom";Towers;1;0;1;6;7;14%;0.246;"assets/optimized/T-Shirt - Tower Strazarnica S Mostom.webp"
161;sv-034;"Varazdin All Towers Architectural Specimen";Towers;1;0;1;6;7;14%;0.246;"assets/optimized/T-Shirt - Varazdin All Towers Architectural Specimen.webp"
162;sv-046;"SV Utility 05 — Production Slate & Bounding Box";Utility;1;0;1;6;7;14%;0.246;"assets/optimized/SV_Utility_05_Slate_Box_Back.webp"
163;sv-057;"Studio Varazdin True Photo Collage";Utility;1;0;1;6;7;14%;0.246;"assets/optimized/CV Tee - Studio Varazdin True Photo Collage.webp"
164;sv-070;"Can You Change the Music Comix Back";Creative;1;0;1;6;7;14%;0.246;"assets/optimized/CV Tee - Can You Change The Music Comix - Back.webp"
165;sv-071;"Can You Change the Music Liquid Freakout";Creative;1;0;1;6;7;14%;0.246;"assets/optimized/CV Tee - Can You Change The Music Liquid Freakout.webp"
166;sv-074;"Cash Value Guilloche Back";Creative;1;0;1;6;7;14%;0.246;"assets/optimized/CV Tee - Cash Value Guilloche - Back.webp"
167;sv-077;"Change the Music Peak Knight";Creative;1;0;1;6;7;14%;0.246;"assets/optimized/CV Tee - Change The Music Peak Knight.webp"
168;sv-078;"Collab 01 — The Alchemist & The Laborer";Creative;1;0;1;6;7;14%;0.246;"assets/optimized/Collab_01_Studio_Varazdin_Alchemist_Laborer_Back.webp"
169;sv-103;"Creative Collective Croatia CCC";Creative;1;0;1;6;7;14%;0.246;"assets/optimized/CV Tee - Creative Collective Croatia cCc.webp"
170;sv-106;"Dragon Studio Poster Final";Creative;1;0;1;6;7;14%;0.246;"assets/optimized/SV Tee - Dragon Studio Poster Final.webp"
171;sv-112;"Filmed in Varazdin Collage";Creative;1;0;1;6;7;14%;0.246;"assets/optimized/CV Tee - Filmed In Varazdin Collage.webp"
172;sv-149;"Reality Better Than Dreams";Creative;1;0;1;6;7;14%;0.246;"assets/optimized/CV Tee - Reality Better Than Dreams.webp"
173;sv-179;"Utility Spec DTF Bold Black On White";Creative;1;0;1;6;7;14%;0.246;"assets/optimized/CV Tee - Utility Spec DTF Bold - Black on White.webp"
174;sv-182;"Utility Spec Print Black On White Runover";Creative;1;0;1;6;7;14%;0.246;"assets/optimized/CV Tee - Utility Spec Print - Black on White Runover.webp"
175;sv-189;"What Keeps You Up At Night";Creative;1;0;1;6;7;14%;0.246;"assets/optimized/CV Tee - What Keeps You Up At Night.webp"
176;sv-218;"Knights Vow Cream";Artwear;1;0;1;6;7;14%;0.246;"assets/optimized/SV Artwear - Knights Vow Cream.webp"
177;sv-222;"Perunova Rozeta Gromovnik";Artwear;1;0;1;6;7;14%;0.246;"assets/optimized/SV Tee - Perunova Rozeta Gromovnik.webp"
178;sv-225;"Purgar Straza Night March";Artwear;1;0;1;6;7;14%;0.246;"assets/optimized/SV Tee - Purgar Straza Night March.webp"
179;sv-249;"Ccc. Swiss Pocket Spec";Front Hits;1;0;1;6;7;14%;0.246;"assets/optimized/Front Hit - cCc. Swiss Pocket Spec.webp"
180;sv-265;"Deadpan Knight Arrow Cartoon";Front Hits;1;0;1;6;7;14%;0.246;"assets/optimized/Front Hit - Deadpan Knight Arrow Cartoon.webp"
181;sv-301;"SV Utility 05 — Slate Box Front Hit";Front Hits;1;0;1;6;7;14%;0.246;"assets/optimized/SV_Utility_05_Slate_Box_Front.webp"
182;sv-305;"SV Utility 09 — Audio Waveform Front Hit";Front Hits;1;0;1;6;7;14%;0.246;"assets/optimized/SV_Utility_09_Audio_Waveform_Front.webp"
183;sv-319;"They Who Dance Kinetic Front";Front Hits;1;0;1;6;7;14%;0.246;"assets/optimized/Front Hit - They Who Dance Kinetic - Front.webp"
184;sv-333;"Design 2 Stari Grad GPT Image 2.5 Flare";Experimental;1;0;1;6;7;14%;0.246;"assets/optimized/design_2_stari_grad__gpt-image-2.5-flare.webp"
185;sv-336;"Design 3 Church Towers GPT Image 2.5 Flare";Experimental;1;0;1;6;7;14%;0.246;"assets/optimized/design_3_church_towers__gpt-image-2.5-flare.webp"
186;sv-004;"Stari Grad 1181";City;1;0;1;7;8;13%;0.224;"assets/optimized/T-Shirt - Stari Grad 1181.webp"
187;sv-010;"Pisemo Svjetlom";Studio;1;0;1;7;8;13%;0.224;"assets/optimized/SV Tee - Pisemo Svjetlom.webp"
188;sv-011;"Production Seal";Studio;1;0;1;7;8;13%;0.224;"assets/optimized/SV Tee - Production Seal.webp"
189;sv-016;"Blackletter Bust";Garda;1;0;1;7;8;13%;0.224;"assets/optimized/Garda Tee - Blackletter Bust.webp"
190;sv-031;"Tower Strazarnica Graffiti";Towers;1;0;1;7;8;13%;0.224;"assets/optimized/T-Shirt - Tower Strazarnica Graffiti.webp"
191;sv-047;"SV Utility 06 — 35mm Leader & Timecode Horizon";Utility;1;0;1;7;8;13%;0.224;"assets/optimized/SV_Utility_06_Timecode_Horizon_Back.webp"
192;sv-115;"Good Work Great Work";Creative;1;0;1;7;8;13%;0.224;"assets/optimized/CV Tee - Good Work Great Work.webp"
193;sv-164;"SV Single 08 — Acid Pop Neon Poster";Creative;1;0;1;7;8;13%;0.224;"assets/optimized/SV_Single_08_Acid_Pop_Back.webp"
194;sv-205;"Atelier Modular Green";Artwear;1;0;1;7;8;13%;0.224;"assets/optimized/SV Artwear - Atelier Modular Green.webp"
195;sv-232;"Studio Varazdin GPT2 Skyline Portrait";Artwear;1;0;1;7;8;13%;0.224;"assets/optimized/T-Shirt - Studio Varazdin GPT2 Skyline Portrait.webp"
196;sv-303;"SV Utility 07 — Film Lab Seal Front Hit";Front Hits;1;0;1;7;8;13%;0.224;"assets/optimized/SV_Utility_07_Lab_Seal_Front.webp"
197;sv-033;"Tower Vijecnica Clock Graffiti";Towers;1;0;1;8;9;11%;0.205;"assets/optimized/T-Shirt - Tower Vijecnica Clock Graffiti.webp"
198;sv-131;"Knight Shot in Back Nicholson Minimal";Creative;1;0;1;8;9;11%;0.205;"assets/optimized/CV Tee - Knight Shot in Back Nicholson Minimal.webp"
199;sv-035;"Varazdin Church Towers Panorama Lineup";Towers;0;0;0;6;6;0%;0.179;"assets/optimized/T-Shirt - Varazdin Church Towers Panorama Lineup.webp"
200;sv-036;"Varazdin Grad Kula i Zvonika Grand Cluster";Towers;0;0;0;6;6;0%;0.179;"assets/optimized/T-Shirt - Varazdin Grad Kula i Zvonika Grand Cluster.webp"
201;sv-038;"Varazdin Towers Cluster Graffiti";Towers;0;0;0;6;6;0%;0.179;"assets/optimized/T-Shirt - Varazdin Towers Cluster Graffiti.webp"
202;sv-039;"Varazdin Towers Panorama Lineup";Towers;0;0;0;6;6;0%;0.179;"assets/optimized/T-Shirt - Varazdin Towers Panorama Lineup.webp"
203;sv-042;"SV Utility 01 — Viewfinder & Framing Matrix";Utility;0;0;0;6;6;0%;0.179;"assets/optimized/SV_Utility_01_Viewfinder_Back.webp"
204;sv-044;"SV Utility 03 — Spine Stencil & Crew Unit 01";Utility;0;0;0;6;6;0%;0.179;"assets/optimized/SV_Utility_03_Spine_Stencil_Back.webp"
205;sv-051;"SV Utility 10 — Monolith 35mm Magazine Label";Utility;0;0;0;6;6;0%;0.179;"assets/optimized/SV_Utility_10_Magazine_Label_Back.webp"
206;sv-059;"Attention Cash Banknote Engraving";Creative;0;0;0;6;6;0%;0.179;"assets/optimized/CV Tee - Attention Cash Banknote Engraving.webp"
207;sv-063;"CCC Botanical Bounding Box";Creative;0;0;0;6;6;0%;0.179;"assets/optimized/CV Tee - cCc Botanical Bounding Box.webp"
208;sv-064;"CCC Botanical Spec Bounding Box";Creative;0;0;0;6;6;0%;0.179;"assets/optimized/CV Tee - cCc Botanical Spec Bounding Box.webp"
209;sv-067;"CCC Middle Ground Blueprint Back";Creative;0;0;0;6;6;0%;0.179;"assets/optimized/CV Tee - cCc - Middle Ground Blueprint - Back.webp"
210;sv-069;"Can You Change the Music Client Ticket";Creative;0;0;0;6;6;0%;0.179;"assets/optimized/CV Tee - Can You Change The Music Client Ticket.webp"
211;sv-075;"Cash Value of Experience";Creative;0;0;0;6;6;0%;0.179;"assets/optimized/CV Tee - Cash Value of Experience.webp"
212;sv-076;"Ccc. Terracotta Heritage Collage";Creative;0;0;0;6;6;0%;0.179;"assets/optimized/CV Tee - cCc. Terracotta Heritage Collage.webp"
213;sv-080;"Collab 03 — Morska Dekla Siren";Creative;0;0;0;6;6;0%;0.179;"assets/optimized/Collab_03_cCc_Morska_Dekla_Siren_Back.webp"
214;sv-081;"Collab 03 — Semiotic Matrix";Creative;0;0;0;6;6;0%;0.179;"assets/optimized/Collab_03_Studio_Varazdin_Semiotic_Matrix_Back.webp"
215;sv-083;"Collab 04 — Kinetic Madmen";Creative;0;0;0;6;6;0%;0.179;"assets/optimized/Collab_04_cCc_Kinetic_Madmen_Back.webp"
216;sv-084;"Collab 05 — Midnight Set 03:00 AM Reticle";Creative;0;0;0;6;6;0%;0.179;"assets/optimized/Collab_05_Studio_Varazdin_Midnight_Reticle_Back.webp"
217;sv-085;"Collab 05 — Sleeping Angels Acid Pop";Creative;0;0;0;6;6;0%;0.179;"assets/optimized/Collab_05_cCc_Sleeping_Angels_Acid_Back.webp"
218;sv-087;"Collab 06 — Vischer 1689 Warasdin Panorama";Creative;0;0;0;6;6;0%;0.179;"assets/optimized/Collab_06_Studio_Varazdin_Vischer_Panorama_Back.webp"
219;sv-091;"Constrained Environment Blueprint Back";Creative;0;0;0;6;6;0%;0.179;"assets/optimized/CV Tee - Constrained Environment Blueprint - Back.webp"
220;sv-093;"Constrained Limitless Angular Motion";Creative;0;0;0;6;6;0%;0.179;"assets/optimized/CV Tee - Constrained Limitless Angular Motion.webp"
221;sv-094;"Constrained Vs Limitless Maker";Creative;0;0;0;6;6;0%;0.179;"assets/optimized/CV Tee - Constrained vs Limitless MAKER.webp"
222;sv-105;"Dragon Studio Poster";Creative;0;0;0;6;6;0%;0.179;"assets/optimized/SV Tee - Dragon Studio Poster.webp"
223;sv-114;"Filmmaker Label";Creative;0;0;0;6;6;0%;0.179;"assets/optimized/CV Tee - Filmmaker Label.webp"
224;sv-116;"Good Work Great Work Anvil Back";Creative;0;0;0;6;6;0%;0.179;"assets/optimized/CV Tee - Good Work Great Work Anvil - Back.webp"
225;sv-119;"Grateful Short Time";Creative;0;0;0;6;6;0%;0.179;"assets/optimized/SV Tee - Grateful Short Time.webp"
226;sv-120;"Grateful Short Time Title Card";Creative;0;0;0;6;6;0%;0.179;"assets/optimized/CV Tee - Grateful Short Time Title Card.webp"
227;sv-121;"Grateful for This Short Time";Creative;0;0;0;6;6;0%;0.179;"assets/optimized/CV Tee - Grateful For This Short Time.webp"
228;sv-122;"Grateful for This Short Time 70s Fluid";Creative;0;0;0;6;6;0%;0.179;"assets/optimized/CV Tee - Grateful For This Short Time 70s Fluid.webp"
229;sv-126;"Heritage Combo 04 — Cherub Nocturne Botanical";Creative;0;0;0;6;6;0%;0.179;"assets/optimized/Heritage_Combo_04_BaroqueAngel_Botanical_Back.webp"
230;sv-128;"Ideas Cant Die Tarot";Creative;0;0;0;6;6;0%;0.179;"assets/optimized/CV Tee - Ideas Cant Die Tarot.webp"
231;sv-129;"Knight Shot in Back Comix Bone";Creative;0;0;0;6;6;0%;0.179;"assets/optimized/CV Tee - Knight Shot in Back Comix Bone.webp"
232;sv-133;"Knight Thumbs Up Water";Creative;0;0;0;6;6;0%;0.179;"assets/optimized/CV Tee - Knight Thumbs Up Water.webp"
233;sv-134;"Let Me Tell You A Story";Creative;0;0;0;6;6;0%;0.179;"assets/optimized/CV Tee - Let Me Tell You A Story.webp"
234;sv-136;"Middle Ground Split Laser";Creative;0;0;0;6;6;0%;0.179;"assets/optimized/CV Tee - Middle Ground Split Laser.webp"
235;sv-137;"Middle Ground Technical Grid";Creative;0;0;0;6;6;0%;0.179;"assets/optimized/CV Tee - Middle Ground Technical Grid.webp"
236;sv-138;"Middle Ground Work to Do";Creative;0;0;0;6;6;0%;0.179;"assets/optimized/CV Tee - Middle Ground Work To Do.webp"
237;sv-140;"Nocturne Dreams 0300 Back";Creative;0;0;0;6;6;0%;0.179;"assets/optimized/CV Tee - Nocturne Dreams 0300 - Back.webp"
238;sv-141;"Not Overthinking";Creative;0;0;0;6;6;0%;0.179;"assets/optimized/CV Tee - Not Overthinking.webp"
239;sv-144;"Not Overthinking Whimsical Clouds";Creative;0;0;0;6;6;0%;0.179;"assets/optimized/CV Tee - Not Overthinking Whimsical Clouds.webp"
240;sv-145;"Philosopher Knight";Creative;0;0;0;6;6;0%;0.179;"assets/optimized/CV Tee - Philosopher Knight.webp"
241;sv-146;"Philosopher Knight Back";Creative;0;0;0;6;6;0%;0.179;"assets/optimized/CV Tee - Philosopher Knight - Back.webp"
242;sv-150;"Reality Better Than Reality Cyber";Creative;0;0;0;6;6;0%;0.179;"assets/optimized/CV Tee - Reality Better Than Reality Cyber.webp"
243;sv-161;"SV Single 05 — Red Spray Stencil Spine";Creative;0;0;0;6;6;0%;0.179;"assets/optimized/SV_Single_05_Spray_Stencil_Back.webp"
244;sv-167;"Studio Ticket Crumbled";Creative;0;0;0;6;6;0%;0.179;"assets/optimized/CV Tee - Studio Ticket Crumbled.webp"
245;sv-168;"Studio Varazdin Cash Value Guilloche Back";Creative;0;0;0;6;6;0%;0.179;"assets/optimized/CV Tee - Studio Varazdin - Cash Value Guilloche - Back.webp"
246;sv-169;"Studio Varazdin Good Work Great Work Back";Creative;0;0;0;6;6;0%;0.179;"assets/optimized/CV Tee - Studio Varazdin - Good Work Great Work - Back.webp"
247;sv-170;"Studio Varazdin Nocturne Dreams 0300 Back";Creative;0;0;0;6;6;0%;0.179;"assets/optimized/CV Tee - Studio Varazdin - Nocturne Dreams 0300 - Back.webp"
248;sv-171;"Studio Varazdin Philosopher Knight Back";Creative;0;0;0;6;6;0%;0.179;"assets/optimized/CV Tee - Studio Varazdin - Philosopher Knight - Back.webp"
249;sv-174;"They Who Dance Celestial Grid";Creative;0;0;0;6;6;0%;0.179;"assets/optimized/CV Tee - They Who Dance Celestial Grid.webp"
250;sv-175;"They Who Dance Kinetic Back";Creative;0;0;0;6;6;0%;0.179;"assets/optimized/CV Tee - They Who Dance Kinetic - Back.webp"
251;sv-185;"Visually Articulate";Creative;0;0;0;6;6;0%;0.179;"assets/optimized/CV Tee - Visually Articulate.webp"
252;sv-186;"Visually Articulate Calibration Back";Creative;0;0;0;6;6;0%;0.179;"assets/optimized/CV Tee - Visually Articulate Calibration - Back.webp"
253;sv-193;"When You Cant Fall Asleep Grgur Nocturne";Creative;0;0;0;6;6;0%;0.179;"assets/optimized/CV Tee - When You Cant Fall Asleep Grgur Nocturne.webp"
254;sv-194;"When You Cant Fall Asleep Raw Marker";Creative;0;0;0;6;6;0%;0.179;"assets/optimized/CV Tee - When You Cant Fall Asleep Raw Marker.webp"
255;sv-195;"When You Cant Fall Asleep Sculpture Maker";Creative;0;0;0;6;6;0%;0.179;"assets/optimized/CV Tee - When You Cant Fall Asleep Sculpture MAKER.webp"
256;sv-196;"When You Cant Fall Asleep Star Chart";Creative;0;0;0;6;6;0%;0.179;"assets/optimized/CV Tee - When You Cant Fall Asleep Star Chart.webp"
257;sv-198;"the Lovers Betrayal Tarot";Creative;0;0;0;6;6;0%;0.179;"assets/optimized/CV Tee - The Lovers Betrayal Tarot.webp"
258;sv-199;"the Magic Alchemist Tarot";Creative;0;0;0;6;6;0%;0.179;"assets/optimized/CV Tee - The Magic Alchemist Tarot.webp"
259;sv-200;"the Magic Alchemist Tarot Back";Creative;0;0;0;6;6;0%;0.179;"assets/optimized/CV Tee - The Magic Alchemist Tarot - Back.webp"
260;sv-203;"the Magic in Work You Avoid";Creative;0;0;0;6;6;0%;0.179;"assets/optimized/CV Tee - The Magic In Work You Avoid.webp"
261;sv-204;"Atelier Alchimia 1181";Artwear;0;0;0;6;6;0%;0.179;"assets/optimized/SV Artwear - Atelier Alchimia 1181.webp"
262;sv-209;"Garda Purgar Sigil White";Artwear;0;0;0;6;6;0%;0.179;"assets/optimized/SV Print - Garda Purgar Sigil White.webp"
263;sv-211;"Glagolitic Initial S Gryphon";Artwear;0;0;0;6;6;0%;0.179;"assets/optimized/SV Tee - Glagolitic Initial S Gryphon.webp"
264;sv-212;"Glagolitic Tarot Ideas Cant Die";Artwear;0;0;0;6;6;0%;0.179;"assets/optimized/SV Tee - Glagolitic Tarot Ideas Cant Die.webp"
265;sv-213;"Guardian of Radimlja";Artwear;0;0;0;6;6;0%;0.179;"assets/optimized/SV Artwear - Guardian of Radimlja.webp"
266;sv-216;"Kameni Vitez Radimlja";Artwear;0;0;0;6;6;0%;0.179;"assets/optimized/SV Tee - Kameni Vitez Radimlja.webp"
267;sv-221;"Perun Sacred Geometry";Artwear;0;0;0;6;6;0%;0.179;"assets/optimized/SV Artwear - Perun Sacred Geometry.webp"
268;sv-230;"Studio Guild Pisemo Svjetlom";Artwear;0;0;0;6;6;0%;0.179;"assets/optimized/SV Tee - Studio Guild Pisemo Svjetlom.webp"
269;sv-231;"Studio Varazdin GPT2 Dynamic Cluster";Artwear;0;0;0;6;6;0%;0.179;"assets/optimized/T-Shirt - Studio Varazdin GPT2 Dynamic Cluster.webp"
270;sv-233;"Studio Varazdin GPT2 Totem Portrait";Artwear;0;0;0;6;6;0%;0.179;"assets/optimized/T-Shirt - Studio Varazdin GPT2 Totem Portrait.webp"
271;sv-235;"Teratomorphic Dragon 1404";Artwear;0;0;0;6;6;0%;0.179;"assets/optimized/SV Artwear - Teratomorphic Dragon 1404.webp"
272;sv-237;"Varazdin Stari Grad 1181";Artwear;0;0;0;6;6;0%;0.179;"assets/optimized/SV Tee - Varazdin Stari Grad 1181.webp"
273;sv-238;"Veles Lord of Sacred Horns";Artwear;0;0;0;6;6;0%;0.179;"assets/optimized/SV Tee - Veles Lord of Sacred Horns.webp"
274;sv-239;"Vertical Spine 1181 Black";Artwear;0;0;0;6;6;0%;0.179;"assets/optimized/SV Artwear - Vertical Spine 1181 Black.webp"
275;sv-240;"Vitez sa Stecka Master";Artwear;0;0;0;6;6;0%;0.179;"assets/optimized/SV Tee - Vitez sa Stecka Master.webp"
276;sv-244;"35MM Film Frame Timecode";Front Hits;0;0;0;6;6;0%;0.179;"assets/optimized/Front Hit - 35mm Film Frame Timecode.webp"
277;sv-245;"CCC Middle Ground Blueprint Front";Front Hits;0;0;0;6;6;0%;0.179;"assets/optimized/Front Hit - cCc - Middle Ground Blueprint - Front.webp"
278;sv-247;"Can You Change the Music Comix Front";Front Hits;0;0;0;6;6;0%;0.179;"assets/optimized/Front Hit - Can You Change The Music Comix - Front.webp"
279;sv-252;"Collab 03 — Morska Dekla Front Hit";Front Hits;0;0;0;6;6;0%;0.179;"assets/optimized/Collab_03_cCc_Morska_Dekla_Siren_Front.webp"
280;sv-253;"Collab 03 — Semiotic Matrix Front Hit";Front Hits;0;0;0;6;6;0%;0.179;"assets/optimized/Collab_03_Studio_Varazdin_Semiotic_Matrix_Front.webp"
281;sv-255;"Collab 04 — Kinetic Madmen Front Hit";Front Hits;0;0;0;6;6;0%;0.179;"assets/optimized/Collab_04_cCc_Kinetic_Madmen_Front.webp"
282;sv-256;"Collab 05 — Midnight Reticle Front Hit";Front Hits;0;0;0;6;6;0%;0.179;"assets/optimized/Collab_05_Studio_Varazdin_Midnight_Reticle_Front.webp"
283;sv-257;"Collab 05 — Sleeping Angels Front Hit";Front Hits;0;0;0;6;6;0%;0.179;"assets/optimized/Collab_05_cCc_Sleeping_Angels_Acid_Front.webp"
284;sv-260;"Collab 07 — Mountain Editor Front Hit";Front Hits;0;0;0;6;6;0%;0.179;"assets/optimized/Collab_07_Studio_Varazdin_Mountain_Editor_Front.webp"
285;sv-261;"Collab 08 — Iron Turtle Front Hit";Front Hits;0;0;0;6;6;0%;0.179;"assets/optimized/Collab_08_cCc_Iron_Turtle_Guild_Front.webp"
286;sv-262;"Constrained Environment Blueprint Front";Front Hits;0;0;0;6;6;0%;0.179;"assets/optimized/Front Hit - Constrained Environment Blueprint - Front.webp"
287;sv-266;"Everything Says Something Matrix Front";Front Hits;0;0;0;6;6;0%;0.179;"assets/optimized/Front Hit - Everything Says Something Matrix - Front.webp"
288;sv-267;"Good Work Great Work Anvil Front";Front Hits;0;0;0;6;6;0%;0.179;"assets/optimized/Front Hit - Good Work Great Work Anvil - Front.webp"
289;sv-271;"Heritage Combo 03 — Probitati 1842 Front Hit";Front Hits;0;0;0;6;6;0%;0.179;"assets/optimized/Heritage_Combo_03_Erdody_GothicLitho_Front.webp"
290;sv-272;"Heritage Combo 04 — Cherub Nocturne Front Hit";Front Hits;0;0;0;6;6;0%;0.179;"assets/optimized/Heritage_Combo_04_BaroqueAngel_Botanical_Front.webp"
291;sv-278;"Nocturne Dreams 0300 Front";Front Hits;0;0;0;6;6;0%;0.179;"assets/optimized/Front Hit - Nocturne Dreams 0300 - Front.webp"
292;sv-281;"Philosopher Knight Front";Front Hits;0;0;0;6;6;0%;0.179;"assets/optimized/Front Hit - Philosopher Knight - Front.webp"
293;sv-293;"SV Single 06 — Botanical Arch Front Hit";Front Hits;0;0;0;6;6;0%;0.179;"assets/optimized/SV_Single_06_Botanical_Arch_Front.webp"
294;sv-295;"SV Single 08 — Acid Pop Front Hit";Front Hits;0;0;0;6;6;0%;0.179;"assets/optimized/SV_Single_08_Acid_Pop_Front.webp"
295;sv-296;"SV Single 09 — Comix Ink Front Hit";Front Hits;0;0;0;6;6;0%;0.179;"assets/optimized/SV_Single_09_Comix_Ink_Front.webp"
296;sv-297;"SV Utility 01 — Viewfinder Front Hit";Front Hits;0;0;0;6;6;0%;0.179;"assets/optimized/SV_Utility_01_Viewfinder_Front.webp"
297;sv-302;"SV Utility 06 — Timecode Horizon Front Hit";Front Hits;0;0;0;6;6;0%;0.179;"assets/optimized/SV_Utility_06_Timecode_Horizon_Front.webp"
298;sv-304;"SV Utility 08 — Swiss Manifest Front Hit";Front Hits;0;0;0;6;6;0%;0.179;"assets/optimized/SV_Utility_08_Swiss_Manifest_Front.webp"
299;sv-307;"Stari Grad Fortress Vector Icon";Front Hits;0;0;0;6;6;0%;0.179;"assets/optimized/Front Hit - Stari Grad Fortress Vector Icon.webp"
300;sv-308;"Studio Nicholson Tech Spec";Front Hits;0;0;0;6;6;0%;0.179;"assets/optimized/Front Hit - Studio Nicholson Tech Spec.webp"
301;sv-309;"Studio Varazdin Cash Value Guilloche Front";Front Hits;0;0;0;6;6;0%;0.179;"assets/optimized/Front Hit - Studio Varazdin - Cash Value Guilloche - Front.webp"
302;sv-311;"Studio Varazdin Nocturne Dreams Front";Front Hits;0;0;0;6;6;0%;0.179;"assets/optimized/Front Hit - Studio Varazdin - Nocturne Dreams - Front.webp"
303;sv-313;"Studio Varazdin Philosopher Knight Front";Front Hits;0;0;0;6;6;0%;0.179;"assets/optimized/Front Hit - Studio Varazdin - Philosopher Knight - Front.webp"
304;sv-322;"Visually Articulate Calibration Front";Front Hits;0;0;0;6;6;0%;0.179;"assets/optimized/Front Hit - Visually Articulate Calibration - Front.webp"
305;sv-329;"Design 1 Knight GPT Image 2";Experimental;0;0;0;6;6;0%;0.179;"assets/optimized/design_1_knight__gpt-image-2.webp"
306;sv-330;"Design 1 Knight GPT Image 2.5 Flare";Experimental;0;0;0;6;6;0%;0.179;"assets/optimized/design_1_knight__gpt-image-2.5-flare.webp"
307;sv-331;"Design 1 Knight GPT Image 2.5 Sunburst";Experimental;0;0;0;6;6;0%;0.179;"assets/optimized/design_1_knight__gpt-image-2.5-sunburst.webp"
308;sv-001;"Film Crew Story First";City;0;0;0;7;7;0%;0.161;"assets/optimized/T-Shirt - Film Crew Story First.webp"
309;sv-009;"Film Reel Filigree";Studio;0;0;0;7;7;0%;0.161;"assets/optimized/SV Tee - Film Reel Filigree.webp"
310;sv-013;"Story First";Studio;0;0;0;7;7;0%;0.161;"assets/optimized/SV Tee - Story First.webp"
311;sv-018;"Gold Crest Heritage";Garda;0;0;0;7;7;0%;0.161;"assets/optimized/Garda Tee - Gold Crest Heritage.webp"
312;sv-022;"Studio Varazdin Church Towers Skyline Portrait";Towers;0;0;0;7;7;0%;0.161;"assets/optimized/T-Shirt - Studio Varazdin Church Towers Skyline Portrait.webp"
313;sv-023;"Studio Varazdin Church Towers Totem Portrait";Towers;0;0;0;7;7;0%;0.161;"assets/optimized/T-Shirt - Studio Varazdin Church Towers Totem Portrait.webp"
314;sv-030;"Tower Stari Grad Bastion Graffiti";Towers;0;0;0;7;7;0%;0.161;"assets/optimized/T-Shirt - Tower Stari Grad Bastion Graffiti.webp"
315;sv-037;"Varazdin Grad Zvonika Poster Graffiti";Towers;0;0;0;7;7;0%;0.161;"assets/optimized/T-Shirt - Varazdin Grad Zvonika Poster Graffiti.webp"
316;sv-040;"Clapperboard Run Over Black On White";Utility;0;0;0;7;7;0%;0.161;"assets/optimized/CV Tee - Clapperboard Run Over Black on White.webp"
317;sv-041;"Kino Varazdin Ticket Run Over";Utility;0;0;0;7;7;0%;0.161;"assets/optimized/CV Tee - Kino Varazdin Ticket Run Over.webp"
318;sv-061;"Attention Cash Value of Experience";Creative;0;0;0;7;7;0%;0.161;"assets/optimized/CV Tee - Attention Cash Value Of Experience.webp"
319;sv-066;"CCC Kinetic Dance Wave";Creative;0;0;0;7;7;0%;0.161;"assets/optimized/CV Tee - cCc Kinetic Dance Wave.webp"
320;sv-073;"Can You Change the Music Stems Deleted";Creative;0;0;0;7;7;0%;0.161;"assets/optimized/CV Tee - Can You Change The Music Stems Deleted.webp"
321;sv-089;"Collab 08 — Iron Turtle Guild Cimer";Creative;0;0;0;7;7;0%;0.161;"assets/optimized/Collab_08_cCc_Iron_Turtle_Guild_Back.webp"
322;sv-090;"Constrained Environment Blueprint";Creative;0;0;0;7;7;0%;0.161;"assets/optimized/CV Tee - Constrained Environment Blueprint.webp"
323;sv-132;"Knight Shot in Back Raw Marker White";Creative;0;0;0;7;7;0%;0.161;"assets/optimized/CV Tee - Knight Shot in Back Raw Marker White.webp"
324;sv-176;"They Who Dance Music";Creative;0;0;0;7;7;0%;0.161;"assets/optimized/CV Tee - They Who Dance Music.webp"
325;sv-191;"When You Cant Fall Asleep Botanical Paf";Creative;0;0;0;7;7;0%;0.161;"assets/optimized/CV Tee - When You Cant Fall Asleep Botanical PAF.webp"
326;sv-192;"When You Cant Fall Asleep Cyber Hud";Creative;0;0;0;7;7;0%;0.161;"assets/optimized/CV Tee - When You Cant Fall Asleep Cyber HUD.webp"
327;sv-197;"the Alchemist Magic Work";Creative;0;0;0;7;7;0%;0.161;"assets/optimized/CV Tee - The Alchemist Magic Work.webp"
328;sv-208;"Garda Purgar Flare";Artwear;0;0;0;7;7;0%;0.161;"assets/optimized/SV Print - Garda Purgar Flare.webp"
329;sv-223;"Phoenix of 1776";Artwear;0;0;0;7;7;0%;0.161;"assets/optimized/SV Artwear - Phoenix of 1776.webp"
330;sv-236;"Trakostyan Black Queen";Artwear;0;0;0;7;7;0%;0.161;"assets/optimized/SV Tee - Trakostyan Black Queen.webp"
331;sv-241;"Zgoscanski Stecak Royal Fortress";Artwear;0;0;0;7;7;0%;0.161;"assets/optimized/SV Tee - Zgoscanski Stecak Royal Fortress.webp"
332;sv-242;"Zmaj Hrvojev Misal Ultra";Artwear;0;0;0;7;7;0%;0.161;"assets/optimized/SV Tee - Zmaj Hrvojev Misal Ultra.webp"
333;sv-005;"Typographic 1209";City;0;0;0;8;8;0%;0.147;"assets/optimized/T-Shirt - Typographic 1209.webp"
334;sv-012;"Redatelj";Studio;0;0;0;8;8;0%;0.147;"assets/optimized/SV Tee - Redatelj.webp"
335;sv-021;"Studio Varazdin Church Towers Dynamic Portrait";Towers;0;0;0;8;8;0%;0.147;"assets/optimized/T-Shirt - Studio Varazdin Church Towers Dynamic Portrait.webp"
336;sv-014;"Tisina na Setu";Studio;0;0;0;9;9;0%;0.135;"assets/optimized/SV Tee - Tisina Na Setu.webp"
337;sv-020;"Straza Night March";Garda;0;0;0;9;9;0%;0.135;"assets/optimized/Garda Tee - Straza Night March.webp"